Strain	JP14	IP9
Diploid	2709.728996	5944.131572
Triploid	1896.117037	12655.098688
Tetraploid	419.125905	7878.206172
